휴양림명,소재지도로명주소
데미샘자연휴양림,전북특별자치도 진안군 백운면 데미샘 1길 172
조령산자연휴양림,충청북도 괴산군 연풍면 새재로 1795
옥화자연휴양림,충청북도 청주시 상당구 미원면 운암옥화길 140
아세안자연휴양림,경기도 양주시 백석읍 기산로 472
장흥 자연휴양림,경기도 양주시 장흥면 권율로 594
좌구산자연휴양림,충청북도 증평군 증평읍 솟점말길 107
오도산 자연휴양림,경상남도 합천군 봉산면 오도산휴양로 345
대봉캠핑랜드,경상남도 함양군 병곡면 원산지소길 192
대봉산자연휴양림,경상남도 함양군 병곡면 병곡지곡로 333
산삼자연휴양림,경상남도 함양군 서상면 가르내길 202-1
용추자연휴양림,경상남도 함양군 안의면 용추휴양림길 260
화왕산자연휴양림,경상남도 창녕군 고암면 청간길 128-126
자굴산 자연휴양림,경상남도 의령군 가례면 자굴산휴양로 23
대운산자연휴양림,경상남도 양산시 탑골길 270
청도자연휴양림,경상북도 청도군 각북면 비슬산길 111-25
운문산자연휴양림,경상북도 청도군 운문면 운문로 763
보현산자연휴양림,경상북도 영천시 화북면 배나무정길 334
운주산승마자연휴양림,경상북도 영천시 임고면 승마휴양림길 105
옥성자연휴양림,경상북도 구미시 옥성면 휴양림길 150
신안자연휴양관,전라남도 신안군 자은면 자은서부2길 508-77
주작산자연휴양림,전라남도 강진군 신전면 주작산길 262
유치자연휴양림,전라남도 장흥군 유치면 휴양림길 154
백운산자연휴양림,전라남도 광양시 옥룡면 백계로 337
방화동자연휴양림,전북특별자치도 장수군 번암면 방화동로 778
방화동가족휴가촌,전북특별자치도 장수군 번암면 방화동로 778
와룡자연휴양림,전북특별자치도 장수군 천천면 비룡로 632
남원자연휴양림,전북특별자치도 남원시 보산로 228
흥부골자연휴양림,전북특별자치도 남원시 인월면 구인원길 125
칠갑산자연휴양림,충청남도 청양군 대치면 칠갑산로 668-103
만수산자연휴양림,충청남도 부여군 외산면 휴양로 107
박달재자연휴양림,충청북도 제천시 백운면 금봉로 228
옥전자연휴양림,충청북도 제천시 봉양읍 옥전길 195
계명산자연휴양림,충청북도 충주시 충주호수로 1170
봉황자연휴양림,충청북도 충주시 중앙탑면 수룡봉황길540
문성자연휴양림,충청북도 충주시 노은면 우성1길 191
광치자연휴양림,강원특별자치도 양구군 국토정중앙면 광치령로 1794번길 265
망경대산 자연휴양림,강원특별자치도 영월군 산솔면 선도우길 177
강릉임해자연휴양림,강원특별자치도 강릉시 강동면 율곡로 1715-85
춘천숲자연휴양림,강원특별자치도 춘천시 동산면 종자리로 224-104
청평자연휴양림,경기도 가평군 청평면 북한강로2246번길 8-6
칼봉산자연휴양림,경기도 가평군 가평읍 경반안로 454
고대산자연휴양림,경기도 연천군 신서면 고대산길 84-79
문수산 산림욕장,경기도 김포시 월곶면 문수산로 102-38
용인자연휴양림,경기도 용인시 처인구 모현읍 초부로 220
동두천자연휴양림,경기도 동두천시 탑동가산로 1
구름산산림욕장,경기도 광명시 오리로 619번길 34
강화자연휴양림,인천광역시 강화군 불은면 중앙로 546-34
강화군 석모도자연휴양림,인천광역시 강화군 삼산면 삼산서로 39-75
비슬산자연휴양림,대구광역시 달성군 유가읍 일연선사길 99
화원자연휴양림,대구광역시 달성군 화원읍 화원휴양림길 126
밀양도래재자연휴양림,경상남도 밀양시 단장면 도래재로 462
수도산 자연휴양림,경상북도 김천시 대덕면 증산로 326-71
토함산자연휴양림,경상북도 경주시 문무대왕면 불국로 1208-45
국립신시도자연휴양림,전북특별자치도 군산시 옥도면 신시도길 271
용봉산자연휴양림,충청남도 홍성군 홍북읍 용봉산2길 87
심천치유자연휴양림,충청남도 금산군 남일면 신동길 239
서대산약용자연휴양림,충청남도 금산군 추부면 홍골1길 132
진산자연휴양림,충청남도 금산군 진산면 대둔산로 6
금산산림문화타운,충청남도 금산군 남이면 느티골길 200
성주산자연휴양림,충청남도 보령시 성주면 화장골길 57-228
거창 항노화 힐링랜드,경상남도 거창군 가조면 의상봉길 834
금봉자연휴양림,경상북도 의성군 옥산면 휴양림길 114
함평자연생태공원,전라남도 함평군 대동면 학동로 1398-77
거제자연휴양림,경상남도 거제시 동부면 거제중앙로 325
사천 케이블카 자연휴양림,경상남도 사천시 실안길 242-45
구수곡자연휴양림,경상북도 울진군 북면 십이령로 2721
학가산우래자연휴양림,경상북도 예천군 보문면 휴양림길 210
미숭산자연휴양림,경상북도 고령군 대가야읍 낫질로 672-99
장곡자연휴양림,대구광역시 군위군 삼국유사면 장곡휴양림길 195
비학산자연휴양림,경상북도 포항시 북구 기북면 비학산길 302
흑석산자연휴양림,전라남도 해남군 계곡면 산골길 306
백아산자연휴양림,전라남도 화순군 백아면 수양로 353
한천자연휴양림,전라남도 화순군 한천면 죽헌로 719
제암산자연휴양림,전라남도 보성군 웅치면 대산길 330
변산자연휴양림,전북특별자치도 부안군 변산면 변산로 3768
성수산자연휴양림,전북특별자치도 임실군 성수면 성수산길 374
세심자연휴양림,전북특별자치도 임실군 삼계면 임삼로 485
향로산 자연휴양림,전북특별자치도 무주군 무주읍 무학로153-36
반딧불 자연휴양림,전북특별자치도 무주군 설천면 무설로 1324
운장산자연휴양림,전북특별자치도 진안군 정천면 휴양림길 77
데미샘자연휴양림,전북특별자치도 진안군 백운면 데미샘 1길 172
안면도자연휴양림,충청남도 태안군 안면읍 안면대로3195-6
봉수산자연휴양림,충청남도 예산군 대흥면 임존성길 153
양촌자연휴양림,충청남도 논산시 양촌면 매죽헌로1723번길 176-23
생거진천자연휴양림,충청북도 진천군 백곡면 명암길 435-135
장령산자연휴양림,충청북도 옥천군 군서면 장령산로 519
입화산 자연휴양림,울산광역시 중구 길촌길 333
진주 월아산 자연휴양림,경상남도 진주시 진성면 달음산로 313
동강전망자연휴양림,강원특별자치도 정선군 신동읍 동강로 916-212
거제자연휴양림,경상남도 거제시 동부면 거제중앙로 325
서귀포 치유의 숲,제주특별자치도 서귀포시 산록남로 2271
붉은오름자연휴양림,제주특별자치도 서귀포시 표선면 남조로 1487-73
서귀포자연휴양림,제주특별자치도 서귀포시 1100로 882
절물자연휴양림,제주특별자치도 제주시 명림로 584
고성갈모봉 자연휴양림,경상남도 고성군 고성읍 갈모봉숲길 42
청송자연휴양림,경상북도 청송군 부남면 청송로 3478-96
대야산자연휴양림,경상북도 문경시 가은읍 용추길 31-35
불정자연휴양림,경상북도 문경시 불정길 180
계명산자연휴양림(휴장),경상북도 안동시 길안면 고란길 207-99
태학산자연휴양림,충청남도 천안시 동남구 풍세면 휴양림길 127
성불산자연휴양림,충청북도 괴산군 괴산읍 충민로기곡길 78
갯골자연휴양림,강원특별자치도 인제군 인제로 103번길 577
하추자연휴양림,강원특별자치도 인제군 인제읍 하추로686
독용산성 자연휴양림,경상북도 성주군 금수강산면 사더래길 144
청태산휴양림,강원도 횡성군 둔내면 청태산로 610
숲체원,강원도 횡성군 둔내면 청태산로 777
주천강자연휴양림,강원도 횡성군 둔내면 강변로 영랑6길 115
횡성자연휴양림,강원도 횡성군 갑천면 정포로 430번길 113
두루웰자연휴양림,강원도 철원군 갈말읍 지경1길 69
영인산자연휴양림,충청남도 아산시 영인면 아산온천로 16-26
방장산자연휴양림,전라남도 장성군 북이면 방장로 353
국립방장산자연휴양림,전라남도 장성군 서삼면 추암로 716
장항송림자연휴양림,충청남도 서천군 장항읍 장항산단로34번길 60-23
국립희리산해송자연휴양림,충청남도 서천군 종천면 희리산길 206
순천자연휴양림,전라남도 순천시 서면 청소년수련원길 170
기찬자연휴양림,전라남도 영암군 미암면 곤미현로 1190-76
용지봉자연휴양림(김해),경상남도 김해시 대청계곡길 170-36
산삼휴양밸리(대봉캠핑랜드),경상남도 함양군 병곡면 원산지소길 192
오도산자연휴양림(합천),경상남도 합천군 봉산면 오도산휴양로 398
삼척활기자연휴양림,강원특별자치도 삼척시 미로면 준경길 651-43
서운산자연휴양림,경기도 안성시 금광면 배티로 185-39
한방자연휴양림,경상남도 산청군 금서면 동의보감로555번길 186
팔영산자연휴양림,전라남도 고흥군 영남면 팔영로 1347-418
여수봉황산자연휴양림,전라남도 여수시 돌산읍 대복길160
장태산자연휴양림,대전광역시 서구 장안로 461
만인산자연휴양림,대전광역시 동구 산내로 106
백야자연휴양림,충청북도 음성군 금왕읍 백야로 461-97
수레의산자연휴양림,충청북도 음성군 생극면 차생로 310-108
양을산산림욕장,전라남도 목포시 양을로 397번길
송정자연휴양림,경상북도 칠곡군 석적읍 반계3길 88
간월자연휴양림,울산광역시 울주군 상북면 등억알프스로 607-15
민주지산자연휴양림,충청북도 영동군 용화면 휴양림길 60
속리산 숲체험휴양마을,충청북도 보은군 속리산면 속리산로 596
충북알프스자연휴양림,충청북도 보은군 산외면 속리산로 1880
고산자연휴양림,전북특별자치도 완주군 고산면 고산휴양림로 246
문수산자연휴양림,경상북도 봉화군 봉성면 시거리길 378
성주봉자연휴양림,경상북도 상주시 은척면 성주봉로 3
소백산자연휴양림,충청북도 단양군 영춘면 하리방터길 180
소선암자연휴양림,충청북도 단양군 단성면 대잠2길15
국망봉자연휴양림,경기도 포천시 이동면 늠바위길 207-28
천보산자연휴양림,경기도 포천시 원동교길 309
사천케이블카자연휴양림(사천),경상남도 사천시 실안길 242-45
월아산자연휴양림(진주),경상남도 진주시 진성면 달음산로 313
가리산자연휴양림,강원특별자치도 홍천군 두촌면 가리산길 426
태백고원자연휴양림,강원특별자치도 태백시 머리골길153
용궐산자연휴양림,전라북도 순창군 동계면 장군목길 538-19
회문산자연휴양림,전라북도 순창군 구림면 안심길 295
설매재자연휴양림,경기도 양평군 옥천면 용천로 510
양평쉬자파크,경기도 양평군 양평읍 쉬자파크길 193
용문산자연휴양림,경기도 양평군 양평읍 약수사길 78-14
영양에코둥지,경상북도 영양군 일월면 재일로 2394-70
강씨봉자연휴양림,경기도 가평군 북면 논남기길 520
축령산자연휴양림,경기도 남양주시 수동면 축령산로 299
남해편백자연휴양림,경상남도 남해군 삼동면 금암로 658
안동호반자연휴양림,경상북도 안동시 도산면 월천길 100-7
팔공산금화자연휴양림,경상북도 칠곡군 가산면 가산로 323
금원산자연휴양림(거창),경상남도 거창군 위천면 금원산길 471-27
산삼자연휴양림(함양),경상남도 함양군 서상면 가르내길 202-1
대봉산자연휴양림(함양),경상남도 함양군 병곡면 병곡지곡로 333
용추자연휴양림(함양),경상남도 함양군 안의면 용추휴양림길 166
한방자연휴양림(산청),경상남도 산청군 금서면 동의보감로 555번길 186
치악산자연휴양림,강원특별자치도 원주시 판부면 휴양림길 66
공주산림휴양마을,충청남도 공주시 수원지공원길 222
하동편백자연휴양림,경상남도 하동군 옥종면 돌고지로 1088-51
구재봉자연휴양림(하동),경상남도 하동군 적량면 중서길 60-81
화왕산자연휴양림(창녕),경상남도 창녕군 고암면 청간길 128-126
자굴산자연휴양림(의령),경상남도 의령군 가례면 자굴산휴양로 23
대운산자연휴양림(양산),경상남도 양산시 탑골길 270
거제자연휴양림(거제),경상남도 거제시 동부면 거제중앙로 325
도래재자연휴양림(밀양),경상남도 밀양시 단장면 도래재로 462
송이밸리자연휴양림,강원특별자치도 양양군 양양읍 고노동길 98-50
항노화자연휴양림(항노화힐링랜드),경상남도 거창군 가조면 의상봉길 834
바라산자연휴양림,경기도 의왕시 바라산로 84
산수유자연휴양림,전라남도 구례군 산동면 정산길 251
평창자연휴양림,강원특별자치도 평창군 봉평면 팔송로 285
하동편백자연휴양림,경상남도 하동군 옥종면 돌고지로 1088-51
구재봉자연휴양림,경상남도 하동군 적량면 중서길 60-81
중산자연휴양림(산청),경상남도 산청군 시천면 지리산대로 496-101
덕원자연휴양림(하동),경상남도 하동군 옥종면 옥단로 1443-327
원동자연휴양림(양산),경상남도 양산시 원동면 늘밭로 64
지리산자연휴양림(함양),경상남도 함양군 마천면 음정길 152
남해편백자연휴양림(남해),경상남도 남해군 삼동면 금암로 658
